{
  "train_mae": 1.0716388050686116,
  "train_rmse": 1.7478612615602975,
  "train_r2": 0.9903563772978079,
  "val_mae": 2.9443244533141293,
  "val_rmse": 4.477364374115111,
  "val_r2": 0.9390281427924005,
  "val_explained_variance": 0.9390651799828179,
  "val_median_ae": 1.2862894119769095,
  "val_max_ae": 16.531797318422317,
  "val_bias_mean_error": 0.11035111979689778,
  "val_mape_percent": 16.071528743230893,
  "val_wape_percent": 13.673711351949516,
  "val_pearson_r": 0.9691026183920232,
  "val_fit_slope": 0.9485908514615127,
  "val_fit_intercept": 1.217330850975344,
  "n_train": 2624,
  "n_val": 672,
  "n_features": 45
}