{
  "train_mae": 0.953469986866718,
  "train_rmse": 1.5103488434241534,
  "train_r2": 0.992799198631291,
  "val_mae": 2.9417742438420498,
  "val_rmse": 4.467249270208357,
  "val_r2": 0.9393033225475801,
  "val_explained_variance": 0.9393462766505992,
  "val_median_ae": 1.3255674603174592,
  "val_max_ae": 16.652857142857144,
  "val_bias_mean_error": 0.11883929167052917,
  "val_mape_percent": 16.098794458509147,
  "val_wape_percent": 13.661867946522857,
  "val_pearson_r": 0.9692418398055911,
  "val_fit_slope": 0.9482847843237443,
  "val_fit_intercept": 1.2324094863661108,
  "n_train": 2624,
  "n_val": 672,
  "n_features": 45
}