{
  "train_mae": 1.3666976786932106,
  "train_rmse": 2.2609671118297716,
  "train_r2": 0.9838632977056218,
  "val_mae": 2.943443580776593,
  "val_rmse": 4.484972765941757,
  "val_r2": 0.9388207475963313,
  "val_explained_variance": 0.9388522117337691,
  "val_median_ae": 1.3216001677720648,
  "val_max_ae": 16.53596087817413,
  "val_bias_mean_error": 0.10171046564848872,
  "val_mape_percent": 16.03853985300996,
  "val_wape_percent": 13.669620499529167,
  "val_pearson_r": 0.9689909820726242,
  "val_fit_slope": 0.9482029206976709,
  "val_fit_intercept": 1.2170434083638424,
  "n_train": 2624,
  "n_val": 672,
  "n_features": 45
}